id_medic;nume;prenume;id_salon;mail;telefon
1;James;Reeves;3;amet.risus.Donec@vulputatenisi.com;(071) 23460014
2;Shannon;Lynn;10;accumsan.interdum.libero@imperdietnonvestibulum.ca;(032844) 317274
3;Xandra;Nielsen;4;purus.Nullam@varius.com;(03912) 2842911
4;Melinda;Bullock;10;eu.ligula@ultriciesornare.ca;(05139) 4789311
5;Wade;Clayton;4;lorem@quamCurabiturvel.org;(081) 78094376
6;Jemima;Slater;3;dis.parturient@acturpisegestas.ca;(05212) 9390918
7;Mason;Burch;10;egestas.a@etarcuimperdiet.net;(039445) 730330
8;Inez;Albert;2;a.auctor@Suspendisse.ca;(027) 29462190
9;Chloe;Goff;9;amet.lorem@aliquet.co.uk;(0749) 53312807
10;Price;Casey;3;nec@ipsumnonarcu.edu;(09247) 0972520
11;Wang;Mullen;4;Nulla.aliquet.Proin@eu.com;(068) 14072784
12;Amber;Wilkerson;2;ad.litora@aliquameu.co.uk;(09370) 1793618
13;Karen;Phelps;3;Sed.eu@duiSuspendisseac.com;(0218) 09733843
14;Jason;House;6;Aenean@magnaPraesentinterdum.org;(030426) 245370
15;Hu;Matthews;2;ligula.Aenean.euismod@Proineget.org;(039327) 211232
16;Leila;Frank;7;dictum.cursus.Nunc@gravida.ca;(067) 70363709
17;Ebony;Mathews;9;erat.eget.tincidunt@CuraeDonec.ca;(0713) 96313123
18;Dara;Valencia;6;In.scelerisque@nonhendreritid.org;(031388) 459134
19;Kaseem;Fry;7;sed.hendrerit.a@dui.ca;(0191) 04571123
20;Nita;Hudson;3;Proin.dolor.Nulla@felisorciadipiscing.org;(033702) 238686
21;Yasir;Benton;4;ligula.tortor@anteblanditviverra.org;(08804) 7877435
22;Cade;Brennan;4;blandit.Nam@necmalesuada.ca;(00939) 7016622
23;Rashad;Potts;9;tristique.pharetra.Quisque@ultrices.org;(037661) 486604
24;Buffy;Vargas;7;pharetra.Quisque.ac@nibhdolornonummy.edu;(001) 61024119
25;Freya;Henry;9;interdum.Sed.auctor@lectusa.com;(035798) 797422
26;Akeem;Rosario;5;mollis@Morbisit.net;(0016) 70657254
27;Victor;Whitehead;8;ornare.In.faucibus@liberoat.co.uk;(0621) 15442429
28;Jaden;Chambers;10;nascetur@leoelementumsem.com;(030696) 989304
29;Sydney;Cooke;4;litora.torquent@sem.net;(056) 86022988
30;Evan;Montgomery;5;et.arcu@lacusQuisque.com;(04679) 5727863
31;Valentine;Walters;10;placerat.velit@Vestibulumaccumsan.edu;(07992) 5594093
32;Erin;Edwards;6;velit.eu.sem@parturientmontesnascetur.net;(0611) 77873807
33;Jakeem;Duncan;2;et@erat.co.uk;(031606) 023122
34;Elaine;Osborn;8;eu@placerataugue.ca;(061) 08130576
35;Linus;Joyner;1;ipsum@Utnec.ca;(08199) 0814937
36;Yoshio;Bean;8;lectus.ante@etultricesposuere.com;(032809) 462552
37;Fatima;Bolton;2;ultricies.ligula.Nullam@vel.ca;(033543) 876314
38;Wade;Mercer;4;ut.eros@imperdietornare.net;(0367) 53974946
39;Kathleen;Lamb;8;aliquet@Phasellusinfelis.co.uk;(01149) 5892688
40;Paula;Munoz;3;risus.at@AeneanmassaInteger.edu;(067) 45331919
41;Cassandra;Murray;1;lectus.sit.amet@vitae.com;(005) 65830792
42;Uriel;Jenkins;9;faucibus.orci@feugiatnon.com;(0513) 30417087
43;Mohammad;Whitley;5;fringilla.porttitor@enim.com;(08070) 6928571
44;Lillith;Santana;9;nec@eu.ca;(02435) 4340595
45;Cade;Hess;8;metus.vitae@sempertellus.com;(0155) 39682414
46;Justin;Massey;7;auctor@temporarcuVestibulum.org;(022) 71606806
47;Zelenia;Thomas;5;vulputate@interdum.ca;(06654) 6677742
48;Karly;Dickson;3;purus.ac@a.net;(0349) 62417177
49;Bradley;Rowe;10;eu@euaccumsan.co.uk;(0893) 83492070
50;Joelle;Holder;8;enim@disparturientmontes.org;(034564) 595079
51;Melyssa;Quinn;1;Pellentesque@magnaSed.org;(0507) 19636403
52;Charissa;Harvey;1;sit.amet.orci@malesuadavelconvallis.com;(01641) 5428942
53;Lara;Porter;9;Duis.cursus@aptenttaciti.ca;(055) 29613495
54;Evangeline;Alexander;5;dui.nec.urna@Morbinonsapien.com;(032133) 880264
55;Kaitlin;Emerson;2;Quisque.porttitor.eros@urnaVivamus.ca;(066) 63263409
56;Patience;Peters;9;Etiam.imperdiet@diam.net;(038230) 946873
57;Kay;Jacobs;3;enim.condimentum@nostraperinceptos.net;(02307) 6036158
58;Leandra;Mckee;1;in@adipiscingenim.net;(030528) 154232
59;Colette;Roberts;6;mauris.a.nunc@pharetrased.co.uk;(030) 93528265
60;Joseph;Jones;2;non.enim.Mauris@bibendum.net;(037274) 324118
61;Jermaine;Jarvis;3;sem.consequat.nec@Sedcongueelit.org;(054) 42608177
62;Coby;Patton;6;et.ultrices.posuere@urnanec.com;(034206) 425901
63;Noelani;Turner;3;placerat@metusVivamus.org;(035482) 309106
64;Moses;Baxter;4;pellentesque@sitamet.net;(04985) 0130834
65;Desirae;Stuart;4;Duis.gravida.Praesent@nonmassa.edu;(039830) 551088
66;Sandra;Fulton;10;non.arcu@fringilla.co.uk;(072) 79733025
67;Graiden;Ware;2;Nunc.ac@mattis.net;(06209) 2429706
68;Tarik;Reilly;5;nec@nullamagna.com;(054) 92263884
69;Gage;Oneill;5;Aliquam.tincidunt@Sed.co.uk;(039) 20986779
70;Garth;Sykes;3;lacus@eteros.co.uk;(033) 13058619
71;Petra;Cash;5;Duis.volutpat@nislarcu.co.uk;(068) 39261658
72;Callum;Cook;3;Sed.nulla.ante@nunc.com;(00119) 4740346
73;Malachi;Blackwell;9;eleifend@pedeacurna.com;(04745) 4087455
74;Brent;Moreno;6;Nunc.laoreet@malesuada.ca;(04013) 0927694
75;Wang;Hoover;3;arcu.Sed.et@dictumplacerataugue.com;(038425) 641915
76;Blake;Navarro;5;facilisis@placerategetvenenatis.co.uk;(033) 73465886
77;Rowan;Mullen;10;nascetur@Etiamgravidamolestie.com;(070) 95191431
78;Abraham;Luna;7;mi.enim.condimentum@fringilla.ca;(0804) 77588488
79;Nerea;Gay;2;et.rutrum@Vestibulumante.com;(083) 58733203
80;Lunea;Dean;6;libero.est.congue@sociis.co.uk;(0149) 61128446
81;Farrah;Crawford;7;sem.ut.cursus@apurus.com;(0976) 01938175
82;Cheyenne;Boyer;4;odio.Etiam.ligula@Maecenas.ca;(0492) 37157726
83;Camilla;Lloyd;10;augue.malesuada.malesuada@pharetrafeliseget.ca;(033140) 849123
84;Venus;Mueller;6;eu@netusetmalesuada.co.uk;(05887) 6682809
85;Carolyn;Crosby;8;vitae.dolor.Donec@Duis.com;(0820) 07629956
86;Colby;Olson;8;elementum@natoquepenatibus.org;(08358) 4182813
87;Gray;Mckay;4;et.pede.Nunc@rutrum.co.uk;(06532) 0999852
88;Rajah;Hughes;1;ac@tortorNunc.edu;(02500) 7608247
89;Raymond;Yang;3;et.rutrum@arcuVestibulum.co.uk;(033) 53229907
90;Dalton;Dillon;9;nec.mauris.blandit@ipsumsodales.net;(053) 41543169
91;Xaviera;Ruiz;9;augue.id@elitafeugiat.co.uk;(032151) 176428
92;Jescie;Hayes;8;consectetuer.adipiscing.elit@posuerecubilia.co.uk;(000) 33451907
93;Dorothy;Herman;7;nisl@non.ca;(035449) 073520
94;Keegan;Baldwin;9;mus.Proin.vel@etrutrum.ca;(09322) 2885825
95;Sylvester;Ramos;6;Fusce.diam.nunc@necante.ca;(01449) 9695801
96;Grace;Stanton;1;ut.pharetra.sed@Aeneangravida.org;(03588) 7847542
97;Kenneth;Conner;10;Donec.est@elementumat.edu;(036235) 188932
98;Nehru;Oneill;6;et.eros.Proin@sollicitudincommodo.edu;(0891) 75201049
99;Rooney;Evans;7;id.blandit@scelerisque.co.uk;(04831) 9087682
100;Kato;Pierce;9;non.lacinia.at@tinciduntcongueturpis.com;(0398) 62319665
